CPF,NOME,RACA,IDADE,LOCAL,FOTO
01844014029,Serai,Calopsita,"3 anos",clini,https://plus.unsplash.com/premium_photo-1669673986444-3d8d63f74ab3?q=80&w=687&auto=format&fit=crop&ixlib=rb-4.1.0&ixid=M3wxMjA3fDB8MHxwaG90by1wYWdlfHx8fGVufDB8fHx8fA%3D%3D
07152755000,Piare,Cacatua,"3 anos",petshop,https://images.unsplash.com/photo-1559456209-4ef6b5337202?q=80&w=735&auto=format&fit=crop&ixlib=rb-4.1.0&ixid=M3wxMjA3fDB8MHxwaG90by1wYWdlfHx8fGVufDB8fHx8fA%3D%3D
12123454356,Pepino,Cachorro,"3 anos",petshop,https://upload.wikimedia.org/wikipedia/commons/7/76/Adult_male_German_shepherd_dog_standing_at_the_beach_%28retouched%29.jpg?utm_source=pt.wikipedia.org&utm_campaign=index&utm_content=original
20431991022,Plipu,"Lagartixa Leopardo","4 anos",clini,https://images.unsplash.com/photo-1633767319476-d43c16b828c4?q=80&w=1106&auto=format&fit=crop&ixlib=rb-4.1.0&ixid=M3wxMjA3fDB8MHxwaG90by1wYWdlfHx8fGVufDB8fHx8fA%3D%3D
23245675687,Golias,"Gato ","9 meses",petshop,https://s2-g1.glbimg.com/UcJQPEPszBSmzyGU_p3m3XWMXVc=/0x0:2627x2627/984x0/smart/filters:strip_icc()/i.s3.glbimg.com/v1/AUTH_59edd422c0c84a879bd37670ae4f538a/internal_photos/bs/2024/d/u/VrCnBtShKMBGKQXV4iQg/img-0114.jpg
31093982063,Pedro,Cachorro,"2 anos",petshop,"https://hips.hearstapps.com/hmg-prod/images/view-of-french-bulldog-standing-on-grass-royalty-free-image-1686889382.jpg?crop=0.716xw:1.00xh;0.199xw,0"
45850007040,Catau,Terier,"1 ano",clini,https://plus.unsplash.com/premium_photo-1661892088256-0a17130b3d0d?q=80&w=880&auto=format&fit=crop&ixlib=rb-4.1.0&ixid=M3wxMjA3fDB8MHxwaG90by1wYWdlfHx8fGVufDB8fHx8fA%3D%3D
51839805005,Veva,"Porquinho da India","9 meses",clini,https://images.unsplash.com/photo-1655673157476-59b90545eb45?q=80&w=1176&auto=format&fit=crop&ixlib=rb-4.1.0&ixid=M3wxMjA3fDB8MHxwaG90by1wYWdlfHx8fGVufDB8fHx8fA%3D%3D
55493540045,Unbal,Gato,"1 ano",petshop,https://images.unsplash.com/photo-1592194996308-7b43878e84a6?q=80&w=687&auto=format&fit=crop&ixlib=rb-4.1.0&ixid=M3wxMjA3fDB8MHxwaG90by1wYWdlfHx8fGVufDB8fHx8fA%3D%3D
59702824052,Goube,Corgi,"5 anos",clini,https://images.unsplash.com/photo-1554692901-e16f2046918a?q=80&w=1171&auto=format&fit=crop&ixlib=rb-4.1.0&ixid=M3wxMjA3fDB8MHxwaG90by1wYWdlfHx8fGVufDB8fHx8fA%3D%3D
62322060020," Montanha ",Pinscher,"2 anos",petshop,https://www.prodograw.com/wp-content/uploads/2025/09/German-Pinscher-1.jpg
68677114050,Pinur,Beija-flor,"2 anos",petshop,https://plus.unsplash.com/premium_photo-1709899169855-3d385146aff2?q=80&w=1040&auto=format&fit=crop&ixlib=rb-4.1.0&ixid=M3wxMjA3fDB8MHxwaG90by1wYWdlfHx8fGVufDB8fHx8fA%3D%3D
89410993075,Aegen,Furão,"6 anos",clini,https://plus.unsplash.com/premium_photo-1663050689215-e2f4f493811c?q=80&w=687&auto=format&fit=crop&ixlib=rb-4.1.0&ixid=M3wxMjA3fDB8MHxwaG90by1wYWdlfHx8fGVufDB8fHx8fA%3D%3D
