CPF_USER,NOME_USER,IDADE_USER,TELEFONE,SENHA_USER
04062539004,Laoni,"93 anos","(99) 3577-0953",pipoca3308
08435440605,"Matheus Montanha",27,"(43) 99354-8045",pipoca
11122233344,edd,12,"43 98877-2233",12345
12290856789,Pilulilos,"34 anos","(43) 90909-1232",04130413
12323454676,camile,44,(43)9916070,pepino
12388754223,cael,44,(43)99235965,01032007
23425674321,eliazar,"44 anos","(43) 86543423",twetetyetj
32435687654,jesica,44,(43)095495932,ffefdfv
34325678923,"Gustavo montanha oliveira","109 anos",(43)991657050,pipoca
4352456743,"roberto carlos",65,(43)376512345,wewegerge
45632145632,xerollayne,56,(43)231236566,123
49593085048,"Henrique Barreto",31,"(43) 98456-8709",abacate
